<?xml version="1.0" encoding="ISO-8859-1"?>
<deploydescriptor>
	<global>
		<version>1.6.0</version>
		<patchlevel>1</patchlevel>
		<id>smwplussandbox</id>
		<instdir>extensions/Smwplussandbox</instdir>
		<vendor>ontoprise GmbH</vendor>
		<description>This sandbox is shipped with SMW+. It guides the first time user through the features of SMW+</description>
		<maintainer>ontoprise GmbH</maintainer>
		<helpurl>http://smwdemo.ontoprise.com/index.php/Getting_started</helpurl>
		<license>GPL v2</license>
		<dependencies>
			<dependency from="1.6.0" >Smwplus</dependency>
	</dependencies>
<notice>"Your Wiki contains now new pages. Since existing pages can make
use of newly imported pages (e.g. templates), it is necessary to
REFRESH all pages in this Wiki now.

How to refresh all pages in this Wiki?
* open in this cmd-line the following directory: "[path to SMW]/maintenance"
  example:
  cd
C:\Programme\Ontoprise\SMWplus\htdocs\mediawiki\extensions\SemanticMediaWiki\maintenance
* call the script "SMW_refreshData.php -v"
  example:
  php SMW_refreshData.php -v

NOTE: in some cases it is required to call this script aborts with an error. In
such cases you have to run the script multiple times. Please read more about
repairing data here: 
http://smwforum.ontoprise.com/smwforum/index.php/Help:Repairing_data"
</notice><namespaces></namespaces>	</global>
	<wikidumps>
		<file loc="dump.xml"/>
	</wikidumps>
	<resources>
		<file loc="images/2/27/Join.png"/>
		<file loc="images/a/a9/Excel_install1.jpg"/>
		<file loc="images/7/7d/Project_install1.jpg"/>
		<file loc="images/c/c3/SMWplus151_WYSIWYG.png"/>
		<file loc="images/1/13/SMWplus151_annotationmode.png"/>
		<file loc="images/1/11/SMWplus151_createnewpage.png"/>
		<file loc="images/2/2e/SMWplus151_dataimport.png"/>
		<file loc="images/7/78/SMWplus151_enhancedretrieval.png"/>
		<file loc="images/1/1e/SMWplus151_gardening.png"/>
		<file loc="images/c/cc/SMWplus151_haloacl.png"/>
		<file loc="images/8/8b/SMWplus151_ontologybrowser.png"/>
		<file loc="images/4/4e/SMWplus151_queryinterface.png"/>
		<file loc="images/5/50/SMWplus151_semanticforms.png"/>
		<file loc="images/6/66/SMWplus151_semantictoolbar.png"/>
		<file loc="images/9/97/SMWplus151_tsc.png"/>
		<file loc="images/6/6f/TUT_firstannotation2.png"/>
		<file loc="images/a/a5/TUT_firstannotation3.png"/>
		<file loc="images/7/74/TUT_firstannotation4.png"/>
		<file loc="images/b/b2/TUT_firstannotation5.png"/>
		<file loc="images/a/ac/TUT_firstannotation8.png"/>
		<file loc="images/4/4b/TUT_firstannotation9.png"/>
		<file loc="images/2/22/TUT_firstannotation10.png"/>
		<file loc="images/7/72/TUT_firstannotation11.png"/>
		<file loc="images/a/a1/TUT_firstannotation12.png"/>
		<file loc="images/5/52/TUT_firstannotation13.png"/>
		<file loc="images/8/8e/TUT_firstannotation18.png"/>
		<file loc="images/9/9b/B_wikitext.gif"/>
		<file loc="images/4/47/B_AAMdelete.png"/>
		<file loc="images/4/4e/B_AAMedit.png"/>
		<file loc="images/1/14/TUT_firstannotation5_2.png"/>
		<file loc="images/1/18/Halo_Screenshot.png"/>
		<file loc="images/f/ff/Sandb_AdvAno_head.png"/>
		<file loc="images/6/68/Button_GoToNext.png"/>
		<file loc="images/e/e8/Button_Start.png"/>
		<file loc="images/2/24/Sandb_WYSIWYG.png"/>
		<file loc="images/2/2b/WYSIWYG_toolbar.png"/>
		<file loc="images/0/0c/Resize.png"/>
		<file loc="images/a/a0/Airplane_head.jpg"/>
		<file loc="images/7/7f/Mountains.jpg"/>
		<file loc="images/0/0b/Chairguy.jpg"/>
		<file loc="images/b/b3/Ontobrows_head.png"/>
		<file loc="images/3/37/Onto_scrsht1.png"/>
		<file loc="images/f/f0/Onto_scrsht2.png"/>
		<file loc="images/d/d7/Onto_scrsht3.png"/>
		<file loc="images/7/70/Onto_scrsht4.png"/>
		<file loc="images/c/c4/Onto_scrsht5.png"/>
		<file loc="images/e/e8/Edittab.png"/>
		<file loc="images/c/c9/WWstb.png"/>
		<file loc="images/8/8a/WWstb2.png"/>
		<file loc="images/6/60/TutFactbox.png"/>
		<file loc="images/4/40/Createnewarticlelightbox.png"/>
		<file loc="images/0/04/Createnewarticlelink.png"/>
		<file loc="images/e/e2/WWqueryinterface.png"/>
		<file loc="images/3/3a/Sandbox.png"/>
		<file loc="images/5/57/Table_properties.png"/>
		<file loc="images/4/4a/Button_table.png"/>
		<file loc="images/a/ae/Imageprop.png"/>
		<file loc="images/e/ec/Add_img_button.png"/>
		<file loc="images/a/a1/Mw_link.png"/>
		<file loc="images/a/a8/Button_getlink.png"/>
		<file loc="images/3/34/Queryinterface_menu.png"/>
		<file loc="images/4/44/Dataexplorer_menu.png"/>
		<file loc="images/9/94/Dataexplorer.png"/>
		<file loc="images/e/e9/Wikiadmin_menu.png"/>
		<file loc="images/0/03/Wikiadmintool.png"/>
		<file loc="images/4/44/WAT_head.png"/>
		<file loc="images/d/d1/QI_head.png"/>
	</resources>
</deploydescriptor>
