<?xml version="1.0" encoding="ISO-8859-1"?>
<deploydescriptor>
	<global>
		<version>1.7.0</version>
		<patchlevel>0</patchlevel>
		<id>Smwplus</id>
		<instdir>extensions/Smwplus</instdir>
		<vendor>ontoprise GmbH</vendor>
		<description>This bundle contains a set of articles that is needed to run SMW+. It also contains dependencies to make sure that all (software-)parts of SMW+ are installed.</description>
		<maintainer>ontoprise GmbH</maintainer>
		<helpurl>http://smwforum.ontoprise.com/smwforum/index.php/Help:SMW%2B</helpurl>
		<license>Ontoprise license for SMWplus</license>
		<dependencies>
			<dependency from="1.7.0">smwhalo</dependency>
			<dependency from="1.7.0">enhancedretrieval</dependency>
			<dependency from="1.7.0">wysiwyg</dependency>
			<dependency from="1.6.0">applicationprogramming</dependency>
			<dependency from="3.0.0">newusermessage</dependency>
	</dependencies>
	</global>
	<wikidumps>
		<file loc="dump.xml"/>
	</wikidumps>
	<resources>
		<file loc="images/f/f9/Acl.gif"/>
		<file loc="images/c/c7/Arrow-round.png"/>
		<file loc="images/c/c0/Audio.gif"/>
		<file loc="images/8/83/Browsedata.gif"/>
		<file loc="images/7/7a/Button_Purchase.png"/>
		<file loc="images/9/9a/Button_Start_Sandbox.png"/>
		<file loc="images/f/f2/Button_Upload.png"/>
		<file loc="images/9/95/Category.gif"/>
		<file loc="images/8/87/ContentBundles.png"/>
		<file loc="images/8/87/Document.gif"/>
		<file loc="images/9/9f/Forms.gif"/>
		<file loc="images/a/ad/Help.gif"/>
		<file loc="images/8/86/Icon_DataExplorer.png"/>
		<file loc="images/8/8a/Icon_QueryInterface_32x32.png"/>
		<file loc="images/5/5b/Icon_WikiActivity_32x32.png"/>
		<file loc="images/1/12/Image.gif"/>
		<file loc="images/5/54/Information.png"/>
		<file loc="images/e/ef/Instances.gif"/>
		<file loc="images/0/07/Lastedits.png"/>
		<file loc="images/1/19/Mainpage.gif"/>
		<file loc="images/1/1c/Mediaandfiles.gif"/>
		<file loc="images/0/01/Myarticlesandfiles.png"/>
		<file loc="images/6/6b/Myuploadedfiles.png"/>
		<file loc="images/8/83/Pdf.gif"/>
		<file loc="images/c/c1/Preferences.png"/>
		<file loc="images/b/bf/Property.gif"/>
		<file loc="images/4/41/SMW_Logo.jpg"/>
		<file loc="images/5/50/Semnotifications.png"/>
		<file loc="images/e/e2/Siteinfo.gif"/>
		<file loc="images/e/e1/Smw_plus_category_icon_100x100.gif"/>
		<file loc="images/4/44/Smw_plus_comment_icon_16x16.gif"/>
		<file loc="images/6/63/Smw_plus_contentsection_icon_100x100.gif"/>
		<file loc="images/8/83/Smw_plus_form_icon_100x100.gif"/>
		<file loc="images/d/d1/Smw_plus_property_icon_100x100.gif"/>
		<file loc="images/8/8c/Smw_plus_rules_icon_100x100.gif"/>
		<file loc="images/d/dc/Smw_plus_template_icon_100x100.gif"/>
		<file loc="images/6/61/Smw_plus_user_icon_small_16x16.png"/>
		<file loc="images/8/8e/SpecialPages.png"/>
		<file loc="images/9/94/Talkpage.png"/>
		<file loc="images/e/e8/Template16px.gif"/>
		<file loc="images/5/59/Thingsimwatching32.png"/>
		<file loc="images/b/b4/Trafficlight.png"/>
		<file loc="images/3/33/Type.gif"/>
		<file loc="images/3/33/Uploadfile.png"/>
		<file loc="images/4/48/Userpage.png"/>
		<file loc="images/9/90/Vcard.gif"/>
		<file loc="images/e/ef/Video.gif"/>
		<file loc="images/2/24/Watchlist.png"/>
		<file loc="images/d/db/Wiki_help_32x32.png"/>
		<file loc="images/4/40/Checkinstallation.png"/>
		<file loc="images/c/c1/WAT.png"/>
		<file loc="images/1/1d/TSC.png"/>
		<file loc="images/7/73/SMWHalo.png"/>
		<file loc="images/9/99/Userrights.png"/>
		<file loc="images/c/c4/Version.png"/>
		<file loc="images/3/38/License.png"/>
		<file loc="images/8/8c/FooterQicklinks.png"/>
		<file loc="images/f/f1/MainMenu.png"/>
		<file loc="images/f/f2/Helpbubble.png"/>
	</resources>
</deploydescriptor>
